names,scores,logfoldchanges,pvals,pvals_adj
UCP2,7.447133,72.05615,9.539043491396373e-14,5.604506019311749e-10
CTSC,6.5462666,37.904434,5.899328240762295e-11,2.0796311914335244e-07
LCP1,6.393132,50.7014,1.6252154821935696e-10,3.6500246578211305e-07
IL2RG,6.374833,55.296974,1.8316236497143684e-10,3.6500246578211305e-07
APMAP,6.324518,44.76089,2.540240811695506e-10,4.477428454694499e-07
CAP1,6.0039325,32.934475,1.925948555783693e-09,2.8288974370202814e-06
PRDX5,5.9607925,23.420063,2.5101769828039755e-09,3.211285757709972e-06
CSTB,5.9562125,23.564474,2.581509107788286e-09,3.211285757709972e-06
NEDD8,5.936312,28.961914,2.915044373275817e-09,3.211285757709972e-06
MANF,5.873834,17.647663,4.2582943533451e-09,3.950352435371617e-06
PA2G4,5.841562,23.563967,5.1713759804722745e-09,4.557533651590216e-06
TAPBP,5.83073,25.751062,5.518536450057104e-09,4.631891593747929e-06
PDIA3,5.7872257,41.53573,7.155829474868468e-09,5.5673671229921485e-06
PPIB,5.7846856,53.476135,7.264804483650256e-09,5.5673671229921485e-06
PGAM1,5.7660346,22.382727,8.115840424542125e-09,5.9604084717908125e-06
RBIS,5.736095,21.13976,9.68844854683834e-09,6.568022849483561e-06
ISCU,5.639561,14.958953,1.7048412443240593e-08,1.1129456212020692e-05
CTSD,5.597918,35.892246,2.1694110997084663e-08,1.3656442872664796e-05
DBI,5.5022035,35.102818,3.750737353818285e-08,2.203683219946703e-05
CD160,5.491148,32.457726,3.993300894823255e-08,2.2705135991017645e-05
YWHAB,5.4571114,42.218204,4.83942251956947e-08,2.665614416560359e-05
ATP6V1F,5.3620653,16.987429,8.227574509245495e-08,4.227222579001762e-05
SYNE2,5.3551545,21.85967,8.548340859395545e-08,4.227222579001762e-05
PLEK,5.347536,26.559269,8.915961634557358e-08,4.247371345154271e-05
AC004687.1,5.3257775,20.912981,1.0052215622916625e-07,4.662640857092853e-05
MSN,5.3132644,31.638685,1.0767872822280605e-07,4.744863159137949e-05
HCLS1,5.2992353,25.515009,1.1628858566463698e-07,4.9039021099275074e-05
MPHOSPH8,5.2983522,16.141516,1.1685231397762132e-07,4.9039021099275074e-05
PSME2,5.2920175,34.27672,1.209743411502935e-07,4.958822644453659e-05
COPS9,5.242844,21.196064,1.5812002691736895e-07,6.193385765434546e-05
CLIC3,5.2126694,inf,1.861423518011495e-07,7.13248933227622e-05
CX3CR1,5.2074184,17.769276,1.9148611941573987e-07,7.181136895365598e-05
CALR,5.195943,48.29833,2.0368466153513408e-07,7.47947050878807e-05
TMEM50A,5.185077,14.356215,2.1592529993323588e-07,7.767141503312685e-05
THRAP3,5.17358,15.118887,2.2965070197545952e-07,8.095646546038898e-05
XRCC5,5.1462092,15.852082,2.6580261163082853e-07,9.009686216548046e-05
TMED9,5.1293306,20.866703,2.907739910200221e-07,9.515275653502384e-05
SEPTIN1,5.1288514,17.445795,2.915153099336938e-07,9.515275653502384e-05
GTF3A,5.1229653,22.514416,3.0076799833931097e-07,9.63879407041581e-05
VASP,5.0772786,18.781715,3.828791894522213e-07,0.00012051122488008665
TUBB,5.0701275,18.7206,3.9754934186124584e-07,0.00012249797768474838
LDHB,5.067492,19.073687,4.0309104196728734e-07,0.00012249797768474838
TXN,4.996439,12.379389,5.839867453292987e-07,0.00017155583955290364
LDHA,4.978969,19.341906,6.392384241446644e-07,0.0001847084666225222
PSMA4,4.9745097,12.750304,6.541304521699197e-07,0.00018510835837611285
TMEM109,4.970641,13.591541,6.673189470123092e-07,0.00018510835837611285
NDUFB7,4.954226,20.27475,7.261879224127913e-07,0.00019189198494917013
PSMA2,4.953362,16.442215,7.294203444680812e-07,0.00019189198494917013
SAMHD1,4.9390607,15.582814,7.849976768204428e-07,0.00020347601546525184
LSP1,4.9326143,43.681572,8.113634493487443e-07,0.00020726220519160822
LAIR1,4.923818,18.994537,8.487172918786073e-07,0.00021370701409503332
MDH2,4.8954377,14.11459,9.808712629899536e-07,0.00024083588238215335
P4HB,4.8948545,19.535261,9.837843828160128e-07,0.00024083588238215335
GLIPR2,4.8875523,12.246826,1.0209745659256793e-06,0.00024651640683569893
VSIR,4.87493,13.879726,1.0884711669879276e-06,0.0002584535487749113
ATP1B3,4.872896,13.339943,1.0997399386201264e-06,0.0002584535487749113
NDUFA6,4.8649974,10.864398,1.1445830508235972e-06,0.00026545290597127267
PRKCH,4.855706,13.212898,1.1995846120947404e-06,0.0002745958230231415
PHF20,4.8519096,11.246285,1.2227822206747257e-06,0.00027631742848221427
PPDPF,4.8431225,33.662716,1.2781436380602014e-06,0.0002818293822627078
RABAC1,4.8419642,15.820825,1.2856194826890666e-06,0.0002818293822627078
SNX17,4.840498,14.101377,1.2951424011845757e-06,0.0002818293822627078
PHPT1,4.8365045,13.985861,1.3214229145782333e-06,0.0002840414669799505
TAF15,4.8283753,13.905727,1.3765154966614423e-06,0.0002918539904164227
SELENOH,4.8263063,11.867491,1.390884783557217e-06,0.0002918539904164227
NCL,4.8123684,19.782578,1.4915221506039609e-06,0.0003046927100434537
HNRNPA3,4.810713,21.462317,1.5039297500159124e-06,0.0003046927100434537
FIS1,4.798078,12.787532,1.6019521924049301e-06,0.00031825875992292957
NOP10,4.7974477,10.422081,1.6070027024362155e-06,0.00031825875992292957
LAMTOR2,4.7839403,7.706837,1.718916783190032e-06,0.0003366403024500834
TTC38,4.776085,15.145204,1.7874115476885763e-06,0.0003432840987628492
APOBEC3G,4.7755923,26.066992,1.7917926407683041e-06,0.0003432840987628492
IFITM3,4.7678576,33.064,1.8619515974738237e-06,0.0003491357325220597
TLN1,4.7593575,11.634229,1.9421037932118354e-06,0.0003603318048331769
DHRS7,4.750717,21.94402,2.0269667255531326e-06,0.000372159536506245
SSR2,4.7481923,36.20591,2.052426258323492e-06,0.0003729491260743285
DEK,4.7353354,13.364905,2.1869315039413655e-06,0.00038992998506160207
ATP5F1A,4.7350397,14.604922,2.1901207603028824e-06,0.00038992998506160207
AKR1C3,4.72728,14.947505,2.2754739520765413e-06,0.00039946832025200714
ATP5F1B,4.726074,11.1691885,2.289021919065739e-06,0.00039946832025200714
ENSA,4.722043,14.852164,2.3348747419520956e-06,0.0003999093004073068
FIBP,4.721864,11.701815,2.336926015088653e-06,0.0003999093004073068
PSMC5,4.7152576,12.402849,2.4140513056915314e-06,0.0004079838740209809
CAPZB,4.712272,27.384577,2.449698122445625e-06,0.0004079838740209809
MTPN,4.6990423,12.155267,2.613845036869689e-06,0.0004272749506427956
UQCR11,4.6987143,35.28639,2.6180469005685874e-06,0.0004272749506427956
ATP5PF,4.6914697,11.935266,2.712494923903172e-06,0.00043563195719542017
POLR3GL,4.6910033,10.946054,2.718683495489403e-06,0.00043563195719542017
SARS,4.6774664,12.332857,2.9044112655059114e-06,0.00046119957626853325
RHOA,4.672698,36.986324,2.9726857205080307e-06,0.00046782641526495135
RAN,4.6690636,18.58083,3.0257573113566565e-06,0.00047196458734488877
INPP5D,4.661426,11.887517,3.1402597059920557e-06,0.0004839796901808303
LMAN2,4.660286,13.723685,3.1577025060022402e-06,0.0004839796901808303
TRBC1,4.65578,45.178947,3.2275668164894094e-06,0.0004904232129951925
GDI2,4.6301436,11.286313,3.6541176280299543e-06,0.0005458260789123388
REEP5,4.615284,8.949828,3.9255836103942665e-06,0.0005756957987633749
C1orf21,4.6148715,14.711599,3.933388962119442e-06,0.0005756957987633749
SDF2L1,4.612177,12.557766,3.984732069053202e-06,0.0005756957987633749
APBB1IP,4.5879593,10.204525,4.4760037687511184e-06,0.0006414149790894896
MTDH,4.582556,15.100677,4.5932736177119185e-06,0.0006529116192402442
RHOC,4.5696344,24.122356,4.885759278003231e-06,0.0006791156116888445
TRIM22,4.569315,13.445423,4.893207913564238e-06,0.0006791156116888445
ARF1,4.566976,18.962437,4.948102249549035e-06,0.000681369142582432
DOK2,4.560599,20.838709,5.100789087383805e-06,0.0006885701744689423
ATP5MC3,4.5595803,22.296026,5.125590944082531e-06,0.0006885701744689423
EIF5,4.559094,10.075195,5.137475709697141e-06,0.0006885701744689423
HMGN1,4.558311,15.842064,5.156658517525269e-06,0.0006885701744689423
CWC15,4.5522695,11.86112,5.307035701169807e-06,0.0007033218892392408
APRT,4.5491614,18.469587,5.3860068454909995e-06,0.000708460870586749
GIMAP5,4.5360765,13.240271,5.7310355490803774e-06,0.0007482609821340055
FGR,4.5281305,18.653738,5.9507872414744516e-06,0.0007656100431987495
RSBN1L,4.52222,9.697609,6.119432002933174e-06,0.0007763857156823014
ANAPC11,4.5221095,13.520962,6.122637835007369e-06,0.0007763857156823014
FKBP8,4.512017,11.1383095,6.421406223337371e-06,0.000808455043518175
IMP3,4.5019197,9.358057,6.7342336407423955e-06,0.0008418269656150742
ECH1,4.4914746,12.372045,7.07316983100072e-06,0.0008779696580367513
ATP5PD,4.4846473,8.18465,7.3034655408466395e-06,0.0009002159693913487
BRK1,4.4767237,15.790159,7.579720509815419e-06,0.000921341926169676
ZNHIT1,4.4752645,10.414767,7.631676002540151e-06,0.000921341926169676
PDIA6,4.4682813,11.099403,7.885053852055202e-06,0.0009454555047369048
RNASEH2C,4.466465,10.291672,7.952265988758028e-06,0.0009470718940395204
NHP2,4.464027,11.113164,8.043351252107933e-06,0.0009514906655681505
ANXA6,4.4589205,23.907438,8.23733976781695e-06,0.0009613558297738614
DDX46,4.4576445,10.775768,8.286522638068511e-06,0.0009613558297738614
TPST2,4.4575424,15.239936,8.290466649475469e-06,0.0009613558297738614
MOB1A,4.452117,11.492444,8.502782881144887e-06,0.0009708596742600608
GSTK1,4.4487243,15.98424,8.63817963724931e-06,0.0009708596742600608
SF3B5,4.448487,12.15386,8.647734531875045e-06,0.0009708596742600608
ATP6V0E1,4.444265,22.302355,8.819294633490999e-06,0.0009838537165184327
CDC42EP3,4.441494,7.8197217,8.933643327902295e-06,0.0009903421213685903
C19orf53,4.439077,10.97549,9.034554758128939e-06,0.0009952691385423794
SDHAF2,4.426796,10.680838,9.5643161969908e-06,0.0010406212178281473
PPM1G,4.4200397,12.459189,9.868279008141797e-06,0.0010660824643883274
PRR13,4.4160733,17.975857,1.005099046383119e-05,0.0010736894419120517
SERPINB1,4.414564,17.439304,1.0121370539699904e-05,0.0010746944405587379
C12orf57,4.410088,11.930558,1.0332869292014205e-05,0.001090581761323607
GPR65,4.406003,12.615672,1.052955151836774e-05,0.001104725446802082
EMC6,4.394451,10.992405,1.1105295877794158e-05,0.0011582363617869814
UBE2F,4.3912582,8.607374,1.1269660437451132e-05,0.0011652137705843494
MIEN1,4.3905888,10.07343,1.1304411367861327e-05,0.0011652137705843494
LSM4,4.388109,7.1616473,1.1434033951752342e-05,0.0011717225722882951
VDAC3,4.3774214,9.1146145,1.2009174973053722e-05,0.001223547503323959
GTF3C6,4.36885,7.1610675,1.2490229922628036e-05,0.0012609119453758995
NCR3,4.368348,13.125217,1.2518982777759129e-05,0.0012609119453758995
PSMB8,4.3616376,18.108114,1.2909253969120832e-05,0.0012928324457938851
TMOD3,4.354203,14.854883,1.3355174993289751e-05,0.0013259125352526944
UBL5,4.3536325,24.836082,1.3390016525302372e-05,0.0013259125352526944
FAM107B,4.34947,10.962148,1.3646687336821334e-05,0.0013426634454938486
SSR4,4.3484306,29.052399,1.3711529569323314e-05,0.0013426634454938486
PSMB10,4.3416443,23.847626,1.4142034412533042e-05,0.001369601640413777
BSG,4.3397346,16.29576,1.4265483717486915e-05,0.0013740077377290948
NDUFV1,4.3297153,10.151406,1.4930233400180784e-05,0.0014302189886499267
NDUFB1,4.3271008,4.7350354,1.5108470490503807e-05,0.0014394697344087574
ANP32A,4.323973,11.863589,1.5324397582011822e-05,0.0014521926439813998
ATP5PB,4.3178782,14.240693,1.5753620276475778e-05,0.0014753528132257286
TBC1D10C,4.3169513,13.631747,1.5819907052063016e-05,0.0014753528132257286
CCT6A,4.3082266,7.37646,1.6456881261029977e-05,0.0015266788900363912
IFI27L2,4.302758,11.549194,1.686850521715968e-05,0.001556671586165741
TUFM,4.2990046,11.404207,1.7156678964500697e-05,0.0015668581524781828
PRRC2C,4.2876234,8.172634,1.8059477519155234e-05,0.0016228697681015057
IL16,4.286656,12.092253,1.813828119346401e-05,0.0016228697681015057
FAM32A,4.282706,10.525025,1.8463427150768237e-05,0.0016436180149466714
PPP1CA,4.2742143,23.772377,1.9181267647914128e-05,0.001690445117810672
GIMAP7,4.270773,33.513172,1.9479654038416553e-05,0.0016997444657481692
PSMD13,4.268926,10.194311,1.9641648980770667e-05,0.001705436970123467
TSEN54,4.2657437,10.6912775,1.9923756575626315e-05,0.0017148979506590124
PRDX6,4.2627907,9.811873,2.0188960661065617e-05,0.0017274301971453522
MESD,4.257734,10.611752,2.0650958181878256e-05,0.0017573087467573133
FCRL6,4.256798,13.167354,2.0737559249150185e-05,0.0017573087467573133
RPN2,4.2542214,13.215428,2.0977745980560184e-05,0.0017629757733671142
ZAP70,4.253937,12.336249,2.10044770456765e-05,0.0017629757733671142
ARPC5,4.2506847,19.03779,2.1311796815736988e-05,0.0017802925624368726
PSMB3,4.2444406,11.088688,2.1913955064921207e-05,0.0018180129643177703
SMDT1,4.243871,7.193203,2.196963357538211e-05,0.0018180129643177703
GPAA1,4.241997,8.588131,2.2153973502077378e-05,0.0018247006399421304
NDUFA2,4.237912,11.836115,2.2560810872000924e-05,0.0018495667554878526
CSNK2B,4.232557,12.970267,2.310492918366285e-05,0.0018854050082927844
ICAM2,4.2304726,13.539159,2.3320107554728497e-05,0.0018941945426711728
XRCC6,4.225924,13.621291,2.3796233979335006e-05,0.0019155682217044075
PARK7,4.2258825,15.831396,2.3800603685082564e-05,0.0019155682217044075
BUD31,4.223214,8.815024,2.408430316779915e-05,0.0019241995747312226
SEC61B,4.2228227,15.39283,2.412618325289914e-05,0.0019241995747312226
NDUFA3,4.2162104,12.263202,2.484418400839479e-05,0.001972538681675525
RER1,4.21121,9.650328,2.540064895354333e-05,0.0020076764056284964
SAP18,4.2003126,12.918867,2.665466956377739e-05,0.0020973893112997337
OPTN,4.194019,9.301289,2.7405493335192355e-05,0.0021458854057096167
ABRACL,4.193119,8.783444,2.7514473033607928e-05,0.0021458854057096167
CCT4,4.188464,10.169709,2.8084837676021627e-05,0.0021807195985795473
MRPL28,4.1812043,11.289398,2.8996936132209675e-05,0.002231877712953396
MRPL57,4.1782866,9.727696,2.9371350731824545e-05,0.0022411230649313396
ALOX5AP,4.177162,16.395342,2.951683080126829e-05,0.002242515774582564
GNG2,4.1744127,12.560178,2.9875568389448807e-05,0.0022600290490662
ROCK1,4.1728663,5.051994,3.0079131772720795e-05,0.0022657041736152852
SERBP1,4.1698995,11.477176,3.0473396791111698e-05,0.0022856344333622757
PGLS,4.1645207,8.590944,3.120072439798873e-05,0.002330271051859955
COPE,4.155942,15.670168,3.239499993730372e-05,0.002392022359781939
PTGDR,4.155662,12.776755,3.243466152206306e-05,0.002392022359781939
S100A11,4.1524515,19.34801,3.289321272552322e-05,0.002415732364583635
LBH,4.1454887,10.259911,3.390895430047112e-05,0.002479996798755618
PSMA5,4.143239,8.652398,3.424350421183949e-05,0.0024941157241234824
XCL2,4.1395807,15.270804,3.479414314659587e-05,0.002521836577037506
LAPTM5,4.1388164,26.931534,3.4910253307452145e-05,0.002521836577037506
NDUFB2,4.137015,15.084456,3.5185351032838013e-05,0.0025313346828767466
SMARCA5,4.1340814,11.887598,3.563773552211626e-05,0.002553458237043989
SIGIRR,4.13266,8.855475,3.585892327697057e-05,0.0025589043792707826
NUTF2,4.1305604,8.775967,3.6188026758676946e-05,0.002567593810035072
TUBA1B,4.1300273,15.248893,3.6272033285982804e-05,0.002567593810035072
DSTN,4.127148,12.110424,3.6728961780881416e-05,0.0025792218340630114
STOML2,4.124653,10.107139,3.7129438784241115e-05,0.0025969979682977534
KLRG1,4.1172624,16.776144,3.83399438414083e-05,0.0026677961836179087
SASH3,4.103604,7.9100776,4.067635317251262e-05,0.002800630472729326
AUP1,4.101697,10.266626,4.10131128904294e-05,0.0028128292910766873
OSTC,4.096234,7.076222,4.199258679915163e-05,0.0028688423834180104
TSPO,4.0931983,12.059974,4.2546358804190056e-05,0.0028954522018635287
CIB1,4.090826,10.811459,4.298395419657051e-05,0.0029139814487259687
KIF2A,4.0850987,11.400025,4.4058043765988776e-05,0.0029753527947100314
RAB7A,4.0829983,8.578034,4.4458324034419875e-05,0.0029909252650026134
ENO1,4.077259,20.579128,4.5569717498936516e-05,0.00305403741686789
DUSP23,4.0628624,9.551699,4.8474566504980896e-05,0.003200047600062896
POLR2E,4.0600038,8.871745,4.907189843286126e-05,0.003221179566464321
OFD1,4.05936,7.474066,4.9207395416657965e-05,0.003221179566464321
AKAP13,4.057854,3.7836714,4.952568152228702e-05,0.003221179566464321
TMEM230,4.054129,10.022144,5.032143628200852e-05,0.0032609030731863315
CLEC2B,4.043858,13.010606,5.257878738882959e-05,0.0033947022216685363
PSMB9,4.025901,26.51339,5.67575982583583e-05,0.0036385189379183475
EID1,4.025858,15.990223,5.676799659182716e-05,0.0036385189379183475
FNTA,4.0208607,8.841708,5.798587532061873e-05,0.003703112457975456
POLR2G,4.015227,10.852093,5.938863044424753e-05,0.0037790036108675345
MATK,4.0130763,16.355333,5.993253522582901e-05,0.003799895201044828
YME1L1,4.006674,11.667912,6.157985237042065e-05,0.0038903457988567545
CD53,4.0023723,35.49874,6.271048678622068e-05,0.003947625143192592
PRPF40A,4.0010796,11.108154,6.305419428608598e-05,0.003955136044436126
FKBP1A,3.999688,9.040884,6.342608094959541e-05,0.003964354974530386
LSM1,3.998013,9.591634,6.387641459467921e-05,0.0039783946418580065
APH1A,3.9967017,8.330974,6.423117683669655e-05,0.003986403953956385
PPP6R1,3.9889786,12.657522,6.635837268298754e-05,0.004103974304948556
PSMB6,3.9799645,5.484502,6.892554022823336e-05,0.004232877953189969
YWHAZ,3.9795933,26.880716,6.903324161401977e-05,0.004232877953189969
ARHGAP25,3.9791465,9.602121,6.916310283210661e-05,0.004232877953189969
VPS51,3.977353,8.589346,6.96866664076673e-05,0.004250163259866933
XIST,3.9746473,7.3640456,7.04836056303441e-05,0.004272016930751079
CALM3,3.9675534,6.861811,7.261424674950995e-05,0.004369689659159634
HNRNPR,3.9674752,5.07352,7.263809543479934e-05,0.004369689659159634
WDR1,3.9616926,9.147937,7.442031186649924e-05,0.004461674887615359
UBE2V1,3.9568865,8.557821,7.593299624184766e-05,0.004536932175453583
NSMCE1,3.9524982,10.812585,7.73395309348957e-05,0.004605360041413755
SEPTIN7,3.9501197,21.677277,7.811211991706762e-05,0.0046357044634957375
MICOS10,3.9488187,4.795941,7.853778220307752e-05,0.004637328921191434
RNF7,3.947582,5.7111874,7.894446729897325e-05,0.004637328921191434
CD74,3.9475777,28.948347,7.894591709369311e-05,0.004637328921191434
LBR,3.9468327,9.754212,7.919187593774093e-05,0.004637328921191434
TWF2,3.9446874,5.0052676,7.990418563061778e-05,0.004663546940149897
MRPS36,3.9416306,6.6507564,8.092952760809794e-05,0.004703359883748471
MYDGF,3.9410667,6.4667974,8.11200161499793e-05,0.004703359883748471
DNAJC15,3.9393225,10.411882,8.171199929402501e-05,0.004722149834611426
DCXR,3.9367032,11.018412,8.260869457067605e-05,0.004743460955790707
EIF2S2,3.93658,9.048743,8.265107753140461e-05,0.004743460955790707
APOL6,3.935447,7.8997054,8.304196621179897e-05,0.004743460955790707
NPRL2,3.9349606,10.326254,8.321032895430436e-05,0.004743460955790707
ABI3,3.9343379,9.189523,8.342635290452282e-05,0.004743460955790707
NUDC,3.9333756,7.492678,8.376119513704419e-05,0.004747185934037109
NAA38,3.9287393,7.6523046,8.539237602625489e-05,0.004824121858457591
CDC123,3.9254794,9.331147,8.655716865647295e-05,0.004869705824689103
GZMM,3.9247458,inf,8.682135548305394e-05,0.004869705824689103
STOM,3.924173,9.4987135,8.702810250635808e-05,0.004869705824689103
MRPS6,3.9201808,8.757383,8.848259582338268e-05,0.004935424791085263
ALDOA,3.9116678,9.155156,9.166088899410419e-05,0.00508271591853094
ETFA,3.910906,8.550518,9.195048284214943e-05,0.00508271591853094
PLAAT4,3.910807,33.58685,9.198833416608249e-05,0.00508271591853094
WSB1,3.907452,11.084329,9.327456521583726e-05,0.005137679645294836
PSMB1,3.901314,13.049083,9.567190217719032e-05,0.005253311363785535
CDKN1B,3.897729,12.880182,9.709903456112343e-05,0.0053151167179328
ARPC1B,3.8958113,24.210587,9.787054564672361e-05,0.005340762345415326
RNF167,3.8934162,7.739745,9.884235732338427e-05,0.0053771462659937385
DCTN3,3.8923175,5.988284,9.929115416154258e-05,0.005384941179234921
TAPBPL,3.886266,7.6906395,0.00010179799278479063,0.005470400673246096
CD38,3.8851788,9.761433,0.00010225463250628562,0.00547823754576228
ELOB,3.8835444,13.235464,0.0001029447089805732,0.005498495274216919
MCRIP1,3.8791718,8.08041,0.0001048126540701431,0.005569009891162265
SEC11A,3.8789766,5.434729,0.00010489681628650132,0.005569009891162265
MAPRE2,3.875935,7.679499,0.00010621603716484272,0.005618182500433686
PPP2R1A,3.8749719,10.633974,0.0001066370309056156,0.005618182500433686
TMEM179B,3.8746474,9.363499,0.00010677925437678911,0.005618182500433686
DGUOK,3.8723366,6.0443997,0.00010779696256861478,0.005654848994745249
BUB3,3.8701868,7.7991085,0.00010875198793644519,0.005676065561354572
ARHGDIA,3.8698473,7.8258605,0.00010890355055492544,0.005676065561354572
CCT3,3.869257,5.110845,0.00010916749264150686,0.005676065561354572
PDAP1,3.8676307,8.183643,0.00010989793486926801,0.005697238235310936
SELENOW,3.864589,5.837298,0.00011127639970872746,0.005751782467055808
SOD1,3.862033,11.187836,0.00011244741710671362,0.005781928431692489
UBE2B,3.8614085,4.6825123,0.00011273528435049474,0.005781928431692489
NDUFB8,3.8611736,7.6500626,0.0001128437183990818,0.005781928431692489
CCDC85B,3.859899,6.3073516,0.00011343390405446835,0.005795321718446549
PSMD4,3.8583236,5.2688503,0.00011416741182008372,0.005815938730464727
RNF113A,3.851966,12.703433,0.00011717335864962859,0.0059518663387848805
SF3B2,3.846967,7.8660145,0.00011958902446706123,0.006057115359932245
TAF7,3.841723,4.95337,0.0001221737127928768,0.006168808982251231
COPZ1,3.84108,6.196619,0.00012249422125201016,0.006168808982251231
WDR83OS,3.8393524,7.406802,0.0001233592714510592,0.006194673842154898
C9orf16,3.8275025,12.200371,0.0001294501248230742,0.006482067898100868
RTN4,3.821435,6.5083504,0.0001326774367737448,0.006624851276413671
KLRC1,3.8188198,23.738659,0.0001340916399048573,0.006663987110532657
ARHGAP30,3.8182735,9.982023,0.00013438882615829465,0.006663987110532657
RAB27A,3.8178945,8.429536,0.00013459545054746546,0.006663987110532657
LSM10,3.8113134,5.464885,0.00013823041903132094,0.006824788139624826
GSTP1,3.8074625,27.416937,0.0001404000556662848,0.006906208031286863
TRAPPC6A,3.8065054,5.5630813,0.00014094419807252076,0.006906208031286863
VDAC2,3.8063111,9.23898,0.00014105496943511123,0.006906208031286863
PARP1,3.799904,8.658086,0.00014475213745662307,0.007067593282023375
ILF2,3.796258,5.833,0.00014689657602616604,0.007149873309111672
SEPTIN6,3.7956643,8.048752,0.00014724861064379535,0.007149873309111672
PAK2,3.7941408,7.895985,0.00014815554299167993,0.0071718819901487076
TMC6,3.7930958,7.0326715,0.00014878065712090358,0.0071718819901487076
ATP6AP2,3.7928593,5.4851575,0.0001489225467147638,0.0071718819901487076
HDAC1,3.79154,4.646913,0.00014971609140264182,0.007190451844858214
PLEKHJ1,3.7881315,5.5229173,0.00015178454717273206,0.00726998485996352
CDK2AP2,3.7868595,9.675928,0.0001525632843870178,0.00728748089595007
NDUFS6,3.7842171,3.767133,0.0001541931142037162,0.007342666120397818
UFC1,3.7836394,10.216555,0.0001545517491584926,0.007342666120397818
TCEA1,3.782406,10.016305,0.00015531968244578064,0.0073593137709390575
IL10RA,3.7803066,5.8168244,0.00015663540949388495,0.007401757983215056
TOMM6,3.7775438,8.477418,0.00015838273336600463,0.007464315663928336
ST13,3.774189,10.8486595,0.00016052910548485698,0.0075452960354029045
JPT1,3.7724552,4.869691,0.00016164900671196368,0.00757772710719434
COX6B1,3.771165,19.210936,0.00016248730815376979,0.007596820407210467
CD2BP2,3.7678154,7.350354,0.00016468247940265384,0.0076773501753159374
TOMM5,3.767212,5.5625896,0.0001650808871238364,0.0076773501753159374
ITGB1BP1,3.7654545,8.022608,0.00016624643706194045,0.00769097034029859
SRSF3,3.7634823,4.530505,0.0001675635427339699,0.007731609958714539
GABARAP,3.761571,22.666325,0.00016884947577845978,0.00776907349493909
ARHGAP45,3.7607872,4.700805,0.00016937942855479145,0.00776907349493909
TES,3.7603176,9.425672,0.00016969779278063938,0.00776907349493909
ITPA,3.755843,7.90308,0.00017275894939942698,0.007888728606513731
XBP1,3.7544813,15.287423,0.00017370073324845446,0.007895421396829335
GIMAP4,3.7543364,13.247044,0.00017380140145068545,0.007895421396829335
SRP9,3.7499883,5.448186,0.00017684274384700306,0.008012931113232072
MGAT1,3.7480347,4.5785875,0.00017822551971122898,0.008054879513923389
RWDD1,3.7463126,6.3701386,0.00017945298000136896,0.008089611829933835
OS9,3.7453847,6.298077,0.00018011764500647893,0.008098861252255606
RO60,3.7413588,9.345494,0.0001830281145911068,0.008208787653391472
BTN3A2,3.735979,8.686416,0.000186986273722082,0.008365025534582278
SRPK2,3.7325573,6.3830185,0.00018954552170604726,0.008458049026812124
EMB,3.7316055,7.66352,0.00019026320489153796,0.008468634468227898
PTPN6,3.7300231,7.581575,0.00019146212539439953,0.008483704567353381
GOLGA7,3.7298887,5.2959785,0.0001915644172135848,0.008483704567353381
TOMM22,3.7281814,5.2284636,0.0001928665861573861,0.008519966034110494
ARL6IP5,3.7220592,12.901183,0.0001976045916557286,0.008705667669268934
STMP1,3.7214806,2.4552906,0.00019805813771569516,0.008705667669268934
RALY,3.7205157,2.9939165,0.0001988164528385597,0.00871726069087675
LSM3,3.7161052,0.7942817,0.00020231730176079147,0.008848746304803251
HAX1,3.714754,7.6504755,0.0002034012941357685,0.008874136659497663
SNRPE,3.7135053,3.9268947,0.00020440827374615123,0.00888392553916053
MRPL51,3.7132263,5.08347,0.00020463370979797885,0.00888392553916053
COX5A,3.7107072,7.422176,0.00020668107027136662,0.008950763008852846
EDF1,3.7088056,18.518646,0.0002082393259382526,0.008996143036734414
TRAPPC4,3.708049,6.548147,0.00020886223077374127,0.009000991881706513
TMBIM4,3.7067823,5.413636,0.00020990915414862083,0.00902404573420388
LAMTOR5,3.7033985,2.58265,0.0002127302611188671,0.009123074409929809
DDX18,3.701677,7.839904,0.00021417900700941735,0.009162910625116481
UBAC2,3.6997774,7.8541737,0.00021578878543898267,0.00920942647009082
SEC11C,3.6980462,4.7682333,0.0002172653568860506,0.009227758759368402
RAD21,3.697639,6.906883,0.0002176141171313738,0.009227758759368402
IK,3.697362,3.8511937,0.00021785169500557037,0.009227758759368402
CHURC1,3.6968253,3.0288744,0.00021831245901830386,0.009227758759368402
TRPV2,3.6940994,11.159917,0.00022066745669738677,0.009304987061598418
ZDHHC12,3.6913893,8.437037,0.00022303240198177864,0.009382265196493628
CYBC1,3.6879492,9.308274,0.0002260687239202898,0.009477646099837042
DCTN2,3.6876044,9.749123,0.0002263751848423576,0.009477646099837042
EZR,3.6840737,8.155025,0.0002295358019327875,0.009587199158453347
COA3,3.6819706,7.991051,0.00023143810494724638,0.009643801507801808
SLC9A3R1,3.6803126,10.568313,0.00023294824892674558,0.009683834517884004
SLTM,3.6753964,10.283176,0.0002374803402821138,0.009849008183088325
SH3KBP1,3.673427,8.1805,0.00023931903863893595,0.009901965669131187
ATP5IF1,3.6724963,12.247568,0.00024019252240201576,0.009911268461069858
CYC1,3.6719906,4.7812405,0.00024066849548042091,0.009911268461069858
AGTRAP,3.668065,5.4025025,0.0002443930770154643,0.01004119434842558
LYPLA1,3.660094,7.8025994,0.0002521227055260072,0.01033468559907303
CACYBP,3.658457,4.5318456,0.0002537382045666875,0.01037677399928639
TECR,3.6567242,8.496272,0.00025545889848453354,0.010422959594186083
TXN2,3.6549053,7.3852434,0.0002572769588752995,0.010472895328258727
SNRPN,3.6535788,6.318438,0.00025861034289919113,0.010502916829357473
VCP,3.6504686,6.788729,0.0002617623517366216,0.010606490141861363
NDUFB6,3.6433253,6.9104533,0.0002691383275048324,0.010880348992202237
NDUFV2,3.6330383,5.395151,0.00028010333604794655,0.011297714876844635
NAPA,3.6309054,11.053721,0.00028242875779268926,0.011365500650351463
GHITM,3.6293662,8.469892,0.0002841181212349546,0.011407439646668132
BCAP31,3.6271784,8.071764,0.0002865352422862037,0.011478341319401425
NT5C,3.6200345,5.89968,0.0002945639043001026,0.011773204936946956
CHD2,3.617904,11.352296,0.0002969985577926907,0.011843657420031597
ATP5MF,3.616355,11.95976,0.00029878057791950723,0.011873324144516613
AOAH,3.6155467,10.472356,0.0002997145193509815,0.011873324144516613
PDCD5,3.6155045,5.9681387,0.00029976337480482773,0.011873324144516613
IER3IP1,3.6122947,8.581161,0.0003034993192723762,0.011971697633252119
MRPL41,3.612204,4.578637,0.000303605403498451,0.011971697633252119
NDUFS7,3.61108,3.190687,0.0003049245634455776,0.011996875793061945
SAMD3,3.6069336,8.678042,0.0003098369397381948,0.012136256532691224
DDOST,3.6069274,5.9262366,0.00030984428910195454,0.012136256532691224
NDUFS5,3.6028275,9.097998,0.0003147743182391393,0.012302022468476871
IFI16,3.6006577,2.471212,0.0003174133383544284,0.012368754504161491
AP2M1,3.5998616,5.2318015,0.00031838662444224426,0.012368754504161491
STRAP,3.599698,3.628724,0.00031858700470267315,0.012368754504161491
LAT,3.5967417,9.554392,0.0003222282561184997,0.012469110724565018
S1PR4,3.5964522,4.880042,0.0003225867746738709,0.012469110724565018
PSMD8,3.5939858,2.3438742,0.0003256575417789959,0.012532838059817863
FDPS,3.5860827,6.355236,0.00033568264185500986,0.012890505981125063
G6PD,3.5840824,5.6593003,0.0003382652800580463,0.012961443100658965
FERMT3,3.5805254,6.908042,0.0003429041346051364,0.013110690404664064
NME1,3.5779965,10.556245,0.00034623815534324013,0.013209510229610283
TBCB,3.5769699,5.434472,0.0003476001104339179,0.013213772828335432
MGST3,3.5767827,7.7598534,0.00034784923365185753,0.013213772828335432
SPN,3.574727,4.217766,0.0003505935620491297,0.013289380913285935
EMP3,3.570381,inf,0.00035646255845082534,0.013453980846368837
NDUFAF3,3.5687325,3.877406,0.0003587124600437707,0.01350996970241774
HDDC2,3.5665476,5.6796904,0.0003617151910832382,0.013594012703695429
NDUFB3,3.564804,5.492688,0.0003641279312340574,0.013638053930443527
NUCKS1,3.561079,3.3466132,0.0003693338226137529,0.01376295551245245
DENND2D,3.558348,11.775178,0.0003731947779436451,0.013848276117967765
EIF6,3.556536,1.8392204,0.00037577709851696384,0.013914804912731102
HMGN3,3.555023,0.47053772,0.0003779459959446443,0.013965778038826624
UBE2V2,3.5528839,6.6229353,0.0003810326914197178,0.014050381211221645
PSMD7,3.5502582,8.007934,0.00038485346188733475,0.01413601251234945
UBE2D2,3.5501862,7.142388,0.0003849589246526572,0.01413601251234945
OCIAD1,3.5476098,7.187158,0.00038874376402713495,0.014245317223996426
RAB8A,3.546731,4.9909005,0.0003900425999332924,0.014263259058971394
TFDP2,3.5453684,6.071974,0.0003920645316805293,0.0143075143590083
VBP1,3.5423656,7.0257964,0.00039655550550248583,0.0144415027685678
IDH3G,3.5417356,7.5326786,0.0003975034503313959,0.014446176939260173
YWHAE,3.5408165,8.383171,0.00039889077364405024,0.014466767029321047
SPCS2,3.5328412,9.662325,0.000411119282007016,0.014879647771366866
SLC25A5,3.5304284,10.684752,0.0004148871524885855,0.014985247847876656
SEM1,3.5260956,4.744122,0.0004217347452164076,0.015201424579109203
HNRNPU,3.52138,5.112819,0.00042930687553066133,0.01544278160837436
RASA2,3.5204968,10.4921055,0.0004307390099367638,0.015462740914756414
IRF2,3.5195909,7.6088123,0.00043221286578793767,0.01548411376499632
IVNS1ABP,3.5190384,8.98286,0.0004331137976475323,0.015484916424615424
TRAPPC5,3.5184834,5.046796,0.000434020798915092,0.015485932392059537
VPS28,3.517764,3.441935,0.000435199233982072,0.015496609491248488
RTF2,3.5140502,5.8502607,0.000441329212950094,0.01565164729870897
IQGAP1,3.5110843,5.5372458,0.00044628285487534797,0.015795545381592134
SRSF8,3.5061612,8.411411,0.00045461984962332424,0.01605837569030203
PRPF31,3.5048206,9.671865,0.000456914965704155,0.01610716637100287
SNRPD1,3.499996,1.1598396,0.0004652650637884933,0.016368786455760443
PAFAH1B1,3.49901,8.323337,0.0004669890484436747,0.016385579061494106
NDUFS3,3.4985807,7.105594,0.00046774140345289054,0.016385579061494106
ADGRE5,3.4970653,10.882775,0.00047040682598339787,0.016385579061494106
CAST,3.4968164,6.335369,0.0004708459698253084,0.016385579061494106
AP2S1,3.496461,2.5997493,0.0004714735375284296,0.016385579061494106
HLA-DPA1,3.4964573,9.400826,0.00047147975496937566,0.016385579061494106
TMEM59,3.496022,8.292962,0.00047224975395659854,0.016385579061494106
DYNLL1,3.492916,3.9558668,0.00047777653732418917,0.01654477258718302
NDUFAB1,3.4823697,3.5016446,0.0004969970007896695,0.017176606148860227
GSDMD,3.4791636,4.613882,0.0005029814859670546,0.017315530608701765
DDAH2,3.4765177,11.2688675,0.0005079706494310392,0.017453198181036057
PFDN6,3.4739792,6.965246,0.0005128007915538589,0.017584876949276882
ITGB1,3.471489,2.4795434,0.0005175804501360435,0.01771431653222894
SNRPC,3.4617245,4.042234,0.0005367260886814251,0.018333980695927905
VTI1B,3.4560318,8.280022,0.0005481906215313955,0.01868937697313806
CTSS,3.4543781,5.5241213,0.000551563375681093,0.018768061891418816
MAGOH,3.4531758,3.1665041,0.0005540279250642362,0.018815599628482133
SUMO3,3.4521792,5.1617656,0.0005560783684009625,0.01884891792583724
ERCC1,3.4488297,7.9798203,0.0005630218013241973,0.01902831426402583
PBDC1,3.448586,10.605727,0.0005635300150812143,0.01902831426402583
HLA-F,3.4469314,17.073715,0.000566992415401127,0.0191086201029833
AKR1A1,3.4449427,8.417955,0.0005711805073213382,0.019151564405716196
ARIH2,3.4447792,8.710246,0.0005715263177922795,0.019151564405716196
RPN1,3.4416442,11.049505,0.0005781902664961532,0.01932094386422147
ANKRD49,3.4413714,8.21205,0.0005787733099006545,0.01932094386422147
LSM7,3.438358,3.4656081,0.000585253437340701,0.019447772344978593
ZNF706,3.4378822,5.0695987,0.0005862828688867232,0.019447772344978593
OSBPL8,3.4378698,8.687457,0.0005863095308821546,0.019447772344978593
LAMTOR4,3.4375575,7.7929835,0.0005869859802296954,0.019447772344978593
TMEM160,3.4364862,3.9239862,0.0005893123951379428,0.019488218155162062
CDC37,3.4330435,9.756786,0.0005968464842605483,0.01970040474077982
NUCB1,3.431914,3.1110852,0.0005993375311571429,0.019745651073225796
UGP2,3.4296472,3.4521968,0.0006043663124656588,0.01987418026776064
IKZF3,3.4282162,6.718018,0.000607561448663535,0.01994204486805115
PGK1,3.426559,10.7940235,0.0006112809251679689,0.020026835663588514
EAPP,3.4205883,9.509833,0.0006248585257118005,0.02042944375975654
HIST1H1E,3.4201405,8.630893,0.0006258878719090283,0.02042944375975654
SH2D1B,3.4195344,6.3827987,0.0006272837436951235,0.020437159457246296
ATP5F1C,3.4153652,8.74922,0.0006369654725934841,0.02071430520282795
MRPS34,3.4125435,2.9354267,0.0006435966776994533,0.0208914089155259
TMIGD2,3.4004445,6.0071216,0.000672763849582492,0.021702776831167073
POLR2J,3.4001384,2.4126952,0.0006735174700243044,0.021702776831167073
BLOC1S1,3.3973193,4.4310284,0.000680495132879782,0.021848438611592767
ARRB2,3.3973105,4.5883613,0.0006805170088371968,0.021848438611592767
RUNX3,3.396131,2.3259165,0.0006834565036358807,0.02190291696924733
HIST1H4C,3.3911295,3.4429843,0.0006960519104346083,0.022266081621271153
SNRPF,3.389644,3.0078063,0.0006998346704917576,0.022346532431318334
C5orf56,3.387618,4.656572,0.0007050233624512011,0.022471504134837016
EIF3D,3.3860376,2.846116,0.0007090968340727068,0.02255528917239015
ATP5MC1,3.3856065,8.151202,0.0007102113633652862,0.02255528917239015
ITGA4,3.3834743,6.372011,0.0007157488536985911,0.022637274567851674
TPM3,3.3831453,23.304821,0.0007166067989741855,0.022637274567851674
CYFIP2,3.3831306,7.001828,0.000716645819179691,0.022637274567851674
ARPC3,3.38184,inf,0.0007200204783112811,0.02269667772893006
ARHGEF1,3.3814275,4.394334,0.0007211024676525527,0.02269667772893006
TMEM219,3.3809376,2.6731482,0.0007223894363967868,0.02269667772893006
DGCR6L,3.3801556,8.239472,0.0007244479246716177,0.022720852527156467
PFDN2,3.378142,4.756625,0.0007297732319368074,0.022847216671613085
CCL4L2,3.3773937,14.688385,0.0007317623199872724,0.022868869950524225
TIMM8B,3.376793,2.9404557,0.0007333623741971065,0.022878310101943713
DDX24,3.3752975,7.635985,0.0007373590612810737,0.022961349152799793
TMEM208,3.3745842,4.212524,0.0007392728353691488,0.022961349152799793
FKBP11,3.3743389,2.5816011,0.0007399322772489664,0.022961349152799793
ANP32E,3.3734355,4.6931357,0.0007423643949842603,0.022996335370812956
SHKBP1,3.3727827,6.721677,0.000744126199971745,0.023010470878424522
TEX264,3.372101,8.67185,0.0007459705056632773,0.0230271035601067
APLP2,3.3697464,7.6000204,0.0007523738022961709,0.02318416195676977
TPI1,3.3668587,16.6769,0.0007602963077519659,0.02338740439866693
C12orf75,3.3658032,4.883322,0.0007632114172854515,0.023420792723163837
PHIP,3.365504,4.5314574,0.0007640392497344381,0.023420792723163837
HARS,3.3634512,8.740565,0.0007697446199566078,0.023554719915547168
ATP5PO,3.3597603,7.284139,0.0007801011617751645,0.023830265298871837
TAGLN2,3.3585236,12.136584,0.0007836002745984462,0.023895741245799674
C1orf174,3.3538072,5.7662983,0.0007970788424238823,0.024264787006154316
ANXA4,3.3525908,6.0952377,0.0008005900552133687,0.024329655712397993
MVD,3.3484144,7.0997796,0.0008127539815731084,0.02465680151326611
ATP6V0B,3.3464046,0.31141448,0.0008186688559877106,0.024793569167765265
EIF3L,3.3455784,5.216408,0.0008211110781765353,0.024824877982743757
DDT,3.344311,3.7588675,0.0008248720886113206,0.024853325527971173
NUB1,3.3420382,4.883186,0.0008316563815465881,0.025014975053140206
REX1BD,3.3390265,1.5127127,0.0008407258427045289,0.025202437053352823
ARFGAP3,3.3383596,7.703083,0.000842745989581372,0.025202437053352823
TMCO1,3.3382444,4.7983975,0.0008430955738167037,0.025202437053352823
AAMP,3.3380754,7.1411843,0.000843608184584033,0.025202437053352823
ATP6V0D1,3.3355238,7.1432652,0.0008513886773579225,0.025391838962962338
PAIP2,3.3340786,4.816799,0.0008558246752052043,0.025471458482352764
ANP32B,3.3337135,5.7917104,0.0008569485351205713,0.025471458482352764
ITGB7,3.3327048,5.551071,0.0008600618440617832,0.025487653573849602
GPSM3,3.3326,15.1722765,0.0008603854462975442,0.025487653573849602
LRPAP1,3.332081,3.1525369,0.0008619915289875075,0.02549238706364733
PCBP1,3.3297396,-0.3764232,0.0008692725838722209,0.025664654209935956
SLAMF7,3.3257039,4.6049333,0.0008819555832985616,0.025995567075619477
ATRX,3.3250268,7.967277,0.0008841008968113937,0.026015296172283178
LYPLA2,3.32435,6.358103,0.0008862482515074442,0.026035019468450354
EIF2S1,3.3228066,10.072117,0.0008911670321354636,0.02613595691916752
DHPS,3.3210244,7.7213087,0.0008968768143933758,0.026259718821424655
NDUFA12,3.320019,5.3815866,0.0009001130209858876,0.026310766348088314
ACP1,3.318011,8.405375,0.0009066093624504665,0.026456782487668747
ANXA7,3.3163695,5.519385,0.0009119513617992279,0.026568685459625107
DEF6,3.313977,1.1588624,0.0009197904656502147,0.02675284941840047
EIF5A,3.3111308,2.1803815,0.0009291980116660158,0.02698195082969554
EHD1,3.30361,4.2322865,0.0009544848144596287,0.027670640361291802
EIF3F,3.3013196,13.141519,0.0009623119077205642,0.027851740041843452
FDFT1,3.3002422,7.905424,0.0009660145310075026,0.027890996710444357
CASP8,3.2999878,5.81404,0.0009668899692304674,0.027890996710444357
GPX4,3.2995455,4.064572,0.0009684154083054548,0.027890996710444357
NCBP2AS2,3.2972603,4.422915,0.000976329862610829,0.02807306714254237
PTGES3,3.2952302,2.8748212,0.0009834110686108228,0.028213496771779093
S1PR5,3.2949433,4.0211487,0.0009844150978465982,0.028213496771779093
LCP2,3.2905164,8.169345,0.0010000368865894717,0.0286146918230942
CDC40,3.2892919,6.1004634,0.0010043978146922873,0.028692894459912896
BANF1,3.2887764,2.7660215,0.001006238925224775,0.02869897620713897
DNAJC8,3.2864113,5.6565747,0.0010147274251534422,0.02889432244871498
COMT,3.2853055,2.9659607,0.001018718150569416,0.028961171164413747
AIP,3.2816658,6.358895,0.0010319583312212621,0.029246071386910464
MT2A,3.2803965,5.795761,0.001036612761643173,0.029327988020421455
PSMA6,3.2796533,3.5288882,0.001039347340003365,0.029329172890795355
DECR1,3.279481,3.5442917,0.0010399825857680186,0.029329172890795355
LAMTOR1,3.2750063,2.6165347,0.0010565960080730608,0.029750097824753623
CCPG1,3.2698307,10.116085,0.00107611842559661,0.030251456729770095
PDIA4,3.2687585,7.616783,0.0010802044192368989,0.030317966709346462
CCT7,3.2681093,3.8227642,0.0010826851069350313,0.03033928091389008
DIAPH1,3.267068,5.7851977,0.0010866759740016465,0.030369118962678583
DBNL,3.2661655,6.6221375,0.001090145274921577,0.030369118962678583
CNPY3,3.2660766,6.251593,0.0010904873480527065,0.030369118962678583
ACAA2,3.2654731,5.74463,0.0010928133640771749,0.030369118962678583
LAT2,3.264972,2.9232364,0.0010947495489154744,0.030369118962678583
MPC2,3.2645812,2.2986119,0.0010962599325371324,0.030369118962678583
MMADHC,3.264517,7.939143,0.0010965084457661642,0.030369118962678583
MAP2K3,3.2642524,5.5815935,0.0010975336876901315,0.030369118962678583
TAP1,3.2592158,4.74325,0.0011172067501125484,0.030816723282447226
SFT2D1,3.255459,4.958744,0.0011320925498004945,0.031129895916978963
PYHIN1,3.2547712,2.1000152,0.0011348378490295165,0.03115677870248327
COX17,3.253047,3.0472772,0.001141745715375989,0.031252663117359795
JTB,3.2530146,6.858781,0.0011418764919766088,0.031252663117359795
PPCS,3.2525704,7.387113,0.001143662800561749,0.0312530240662037
CHMP4A,3.2492473,0.31810886,0.001157108678571624,0.03157151326393722
UQCRC2,3.248394,2.6662183,0.0011605843955528185,0.03161740425968157
M6PR,3.2449696,4.6670747,0.0011746311386490358,0.03190146140189199
MFNG,3.2434382,5.449697,0.0011809637209565854,0.03197491020826539
TMEM167A,3.2425966,8.718798,0.0011844580616428423,0.03202033404066985
ANXA2,3.2416105,3.4875522,0.001188563371585203,0.032082110241287584
CCDC107,3.2377076,2.7283175,0.0012049418185704297,0.03247447170355106
TXNDC12,3.2369978,7.179992,0.0012079430400497356,0.03250565499834602
PSMF1,3.2315161,6.848528,0.0012313533657812605,0.033085113453141
PRELID1,3.2298133,9.267901,0.0012387107547790815,0.03317401957837233
SMIM10L1,3.2293391,6.2537885,0.0012407663313383456,0.03317401957837233
PHF5A,3.229011,5.148011,0.0012421906797756574,0.03317401957837233
ARF5,3.228142,8.969853,0.0012459707844790023,0.03322463093377745
FLNA,3.2259035,11.819357,0.0012557569725853781,0.03343500362354966
SMC3,3.216096,5.107459,0.0012994738795570242,0.03450470892326517
SELENOT,3.2160132,0.37024605,0.001299848333430618,0.03450470892326517
SP110,3.2121449,1.860229,0.001317479729646222,0.03492014693946513
TRAPPC1,3.210849,3.4529204,0.0013234340847966537,0.03496387389608735
ZNRD1,3.2105272,5.9417667,0.0013249174248324092,0.03496387389608735
FRG1,3.2103117,1.4515584,0.0013259112280274612,0.03496387389608735
AC007952.4,3.2100618,17.451607,0.0013270640892138,0.03496387389608735
PXN,3.2029898,4.0614834,0.001360087666054606,0.03572833180906326
UBE2L3,3.2029803,3.737629,0.0013601333622989588,0.03572833180906326
CCDC167,3.20209,7.7181015,0.0013643434803627592,0.03578559253701487
MRPL43,3.2012491,4.8091,0.0013683316653194972,0.035836870628412267
LINC00861,3.198919,3.292285,0.0013794388542926544,0.03607416802041888
MRFAP1,3.1981223,1.6803423,0.0013832567316633087,0.036120419484885154
CCNI,3.1964834,9.197803,0.001391138039827344,0.03626120372277785
TSNAX,3.1957455,6.713644,0.001394700884157175,0.03626120372277785
SNRPB,3.195721,7.732975,0.0013948199321481552,0.03626120372277785
RBM4,3.194273,-5.0725517,0.0014018347419857123,0.036389895673402305
MTRNR2L12,3.1938105,16.233,0.0014040832620926891,0.03639466408477315
ADSS,3.1928613,6.08234,0.001408706131732323,0.03646087265479284
TRDC,3.190073,21.03376,0.0014223689870566368,0.036760521650821526
FCMR,3.1857154,3.9704869,0.0014439657926876486,0.037264042550384326
EIF3J,3.184746,3.937093,0.0014488108404312877,0.037290336309255906
ITM2B,3.1843345,21.002518,0.0014508729762157816,0.037290336309255906
CCT8,3.1813147,4.805559,0.0014660826135219085,0.03755984323537378
OST4,3.178332,15.819775,0.0014812503004627108,0.03788978067652806
FAM49B,3.177939,5.388821,0.0014832604485875615,0.03788978067652806
THEMIS2,3.1771717,5.318284,0.0014871890475559634,0.03793515796269379
UTRN,3.17389,6.366413,0.001504106731635299,0.03829377764301779
NDUFB4,3.1736033,4.0331926,0.0015055933227397782,0.03829377764301779
IGFLR1,3.1689801,7.1752667,0.0015297487791723866,0.03876478684947083
RBM8A,3.1688561,-2.3421626,0.001530401674235564,0.03876478684947083
CCDC124,3.1687427,6.6551433,0.0015309992285722175,0.03876478684947083
PCF11,3.1683803,5.440766,0.0015329091361670922,0.03876478684947083
SCAND1,3.1652787,1.4932301,0.0015493445877982936,0.03912428037898671
SLC66A3,3.1613364,8.298558,0.0015704703936922407,0.039601017395163716
RIC8A,3.1602218,5.9475284,0.0015764902743477152,0.03969602510807547
FNBP1,3.1591532,-1.6356792,0.0015822830365154555,0.039785051072213154
RTCB,3.1560314,7.71186,0.0015993160301098128,0.04015604607794239
AKR1B1,3.1555538,3.2391315,0.0016019369303439642,0.040164637744299736
HIGD2A,3.15339,7.034514,0.0016138602233240185,0.040406108375439134
SUCLG1,3.1515825,2.6377563,0.0016238830956326353,0.04054187456603517
S100A10,3.151082,22.456366,0.001626668394874405,0.04055397047815596
ANXA11,3.1501892,4.8050427,0.00163164781822177,0.04062065599431768
MIF,3.1495628,22.874681,0.001635149140502784,0.040650407264459905
WASF2,3.1484325,2.620046,0.0016414857459071254,0.040705885483208165
UBE2L6,3.1483412,2.490397,0.0016419995789493365,0.040705885483208165
POLR2I,3.14501,2.8319318,0.0016608111471824241,0.041114406292468264
MAF1,3.137107,7.842379,0.0017062393384198828,0.04213573305134379
ICAM3,3.1370022,8.110578,0.0017068485985850148,0.04213573305134379
RHOF,3.135712,2.937337,0.0017143758497131778,0.04226236185600626
MRPS7,3.1342025,4.367458,0.0017232194689319764,0.042421042401389684
ADRM1,3.1315522,4.014615,0.0017388489068603911,0.042746096000448056
VAMP8,3.1306384,10.984971,0.0017442687007505342,0.042819610194190685
GLIPR1,3.1300683,1.3468149,0.0017476567595308256,0.04284311271695457
SLC3A2,3.1291096,3.7291465,0.001753369461377737,0.04292345850867222
EIF3A,3.128047,1.2809876,0.0017597206565750166,0.043019190419960114
COX8A,3.1266193,7.457704,0.0017682870608886976,0.04316873647537976
DDX39B,3.1260695,4.7560234,0.0017715961036202596,0.04318969975437164
COX6A1,3.124195,14.70548,0.0017829214558858378,0.043374022962322664
MEAF6,3.1240044,3.832848,0.0017840784436448389,0.043374022962322664
SON,3.1223383,18.42449,0.0017942060989463687,0.04351051261150433
BIN2,3.122269,11.583282,0.0017946296759652584,0.04351051261150433
EMC7,3.1197524,2.1611404,0.0018100316759895765,0.04382365153982456
CANX,3.1189907,4.1200986,0.0018147176233820116,0.043827326333021166
DYNC1I2,3.1189194,4.0291557,0.0018151564860493278,0.043827326333021166
MRPL52,3.11725,4.5147715,0.001825467919692847,0.044016002123811376
HINT1,3.1157193,20.430815,0.001834968237311058,0.04414594033106426
PEBP1,3.115575,0.6083169,0.0018358660083212359,0.04414594033106426
POLR1D,3.1149971,2.289358,0.0018394666151058305,0.04417225961560677
TUBA1A,3.1134279,3.4901776,0.0018492763602912527,0.04434740833536547
THOC7,3.112368,3.8679585,0.0018559295095382986,0.04444648578141583
JAK1,3.111835,19.973455,0.001859283712551981,0.04446639717427573
SEPHS2,3.1065636,6.8029494,0.0018927560518502407,0.04520558017603298
APEX1,3.1047647,4.19946,0.0019043039257301945,0.045419838964709615
DENR,3.1039987,3.4350457,0.0019092419798867305,0.0454671231765669
DERL1,3.1036575,2.7597897,0.0019114454938066532,0.0454671231765669
RBCK1,3.1023626,0.73671097,0.0019198264711046092,0.045604934473975525
TCF25,3.0987685,4.391479,0.0019432676694417096,0.04609964460508691
AHSA1,3.098253,4.667488,0.0019466509889561445,0.04611146694650318
C1orf43,3.097896,5.6394696,0.0019489982341509625,0.04611146694650318
EIF4G2,3.095235,3.0218337,0.001966568917626649,0.046464803943816774
PSENEN,3.0889707,1.772467,0.0020085126793031494,0.04739229516117445
PDCD4,3.0878835,4.8831625,0.0020158749416653195,0.04750242208795845
TSTD1,3.0861866,3.5810077,0.002027414572556661,0.04764054423424094
ASAH1,3.085959,7.549365,0.0020289685651106184,0.04764054423424094
NSA2,3.0858305,0.5115584,0.0020298450425459517,0.04764054423424094
UQCR10,3.0853176,5.869884,0.0020333484136056557,0.047659307364645326
ORMDL2,3.0836773,6.0555377,0.002044592891115794,0.0478592221763705
MRPS10,3.0800858,9.668539,0.0020694095985402715,0.04837588008470931
TMED10,3.0796838,4.8577757,0.0020722043978099827,0.04837705260370696
SKAP1,3.0781498,5.2772684,0.0020829017380844597,0.048562468300895084
WAS,3.0769694,1.1975089,0.0020911677517790224,0.04869078308171341
ZCCHC17,3.075781,8.570709,0.002099519582040333,0.048820754819317816
YTHDC1,3.0746727,5.110136,0.0021073364136460727,0.04893795998277428
LSM2,3.0732777,5.2144094,0.0021172136362136843,0.04910264151566105
FIP1L1,3.0711868,6.841268,0.0021320965298805617,0.04938282974464492
CMTM6,3.0689132,1.9427916,0.0021483905992300254,0.04969492480581159
MAT2B,3.067271,4.430172,0.002160229809216226,0.049903290455105116
TSC22D3,-3.560196,-64.41426,0.00037057815609227337,0.013780191095532511
